Session #,Clip Time mentioned (h:mm:ss),Cumulative Time Mentioned (h:mm:ss),Location,Scale,Characters,By Interviewer,Year,Analyst comments
1,0:00:40,0:00:40,Haiti,country,Frantz,,1948,
1,0:00:44,0:00:44,Haiti,country,Frantz,,1967,
1,0:00:48,0:00:48,Chile,country,Frantz,,1967 - 1973,
1,0:00:53,0:00:53,Chile,country,Frantz,,1973,
1,0:01:00,0:01:00,University of Chile; Santiago; Chile,very local,Frantz,,1967 - 1973,
1,0:01:04,0:01:04,University of Chile; Santiago; Chile,very local,Frantz,,1967 - 1973,he actually mentions the FLACSO; which was a pan-american research institution that was seated at the Uni in Santiago until 1973. the location is therefore in the same university; yet the institution not longer exists
1,0:01:20,0:01:20,Latin America,continent,Frantz; Latin americans,,,
1,0:01:32,0:01:32,Estadio Nacional Julio Martínez Prádanos; Santiago; Chile,very local,Frantz,,1973,
1,0:01:52,0:01:52,Chile,country,Frantz,,1973,
1,0:01:56,0:01:56,Peru,country,Frantz,,1973,
1,0:01:57,0:01:57,France,country,Frantz,,1973,
1,0:01:59,0:01:59,Venezuela,country,Frantz,,1973,
1,0:02:00,0:02:00,France,country,Frantz,,1973,
1,0:02:01,0:02:01,Switzerland,country,Frantz,,1973,
1,0:02:03,0:02:03,Quebec; Canada,country,Frantz,,28-Dec-73,
1,0:02:23,0:02:23,Chile,country,Frantz,,Jul-75,
1,0:02:25,0:02:25,UQAM; Montreal; Canada,very local,friends who worked there,,1975,
1,0:02:31,0:02:31,Latin America,continent,Frantz,,Jul-75,
1,0:02:34,0:02:34,Mexico,country,Frantz,,Jul-75,
1,0:02:41,0:02:41,National Autonomous University of Mexico; Mexico City; Mexico,local,Frantz,,1975 - 1977,
1,0:02:47,0:02:47,Haiti,country,Frantz,,1977,
1,0:02:51,0:02:51,Mexico,country,Frantz,,1977,
1,0:02:52,0:02:52,Haiti,country,Frantz,,1977,
1,0:03:00,0:03:00,Port-au-Prince; Haiti,city / area,Frantz,,,
1,0:03:01,0:03:01,Petit-Goâve; Haiti,city / area,Frantz,,1977 - 1979,
1,0:03:09,0:03:09,Haiti,country,Frantz,,1979,
1,0:03:16,0:03:16,Canada,country,Frantz,,Sep-79,
1,0:03:20,0:03:20,Montreal; Canada,city / area,Frantz,,01/09/1979 - 2008,
1,0:03:21,0:03:21,Haiti,country,Frantz,,1979 - 2008,
1,0:03:24,0:03:24,UQAM; Montreal; Canada,very local,Frantz,,,after 1979
1,0:03:26,0:03:26,Université de Montréal; Montreal; Canada,very local,Frantz,,,after 1979
1,0:04:26,0:04:26,Haiti,country,Frantz,,1948 - 1967,
1,0:05:41,0:05:41,Port-au-Prince; Haiti,city / area,Haitians,,1964,
1,0:05:51,0:05:51,Port-au-Prince; Haiti,city / area,Haitians; Yves,,1964,Was not able to understand the name he uttered
1,0:05:52,0:05:52,Haiti,country,interviewer,yes,,
1,0:07:22,0:07:22,Chile,country,Frantz,,1967 - 1973,
1,0:07:39,0:07:39,Chile,country,Frantz,,1967 - 1973,
1,0:08:04,0:08:04,Santiago; Chile,city / area,Progressive latin american refugees; Frantz,,1967 - 1973,
1,0:08:09,0:08:09,Latin America,continent,Progressive latin american refugees; Frantz,,1967 - 1973,
1,0:08:10,0:08:10,Santiago; Chile,city / area,Progressive latin american refugees; Frantz,,1967 - 1973,
1,0:08:33,0:08:33,Estadio Nacional Julio Martínez Prádanos; Santiago; Chile,very local,Frantz,,1973,he always mentions ''stade national'' but the location listed is the actual; searchable name. a minute later; he says (0:09:12; 0:27:27)  simply 'en sortant du stade'. He mentions the airport in the same generic way. Are these to be included as distinguishably mentioned locations?
1,0:09:24,0:09:24,Comodoro Arturo Merino Benítez International Airport; Santiago; Chile,very local,Frantz; Ricardo Lagos,,1973,is it fair to infer that this is the airport he used to leave Santiago? He just states that he was brought to the airport; yet this is the only airport in Santiago and it's been in operation since 1967. Unless he left via military airport; it has to be this one
1,0:09:30,0:09:30,Peru,country,Frantz,,1973,
1,0:09:45,0:09:45,UQAM; Montreal; Canada,very local,Frantz,,1973 - 1975,after 1973
1,0:09:55,0:09:55,Mexico,country,Frantz,,Jul-75,
1,0:10:11,0:10:11,Haiti,country,Frantz,yes,,
1,0:10:13,0:10:13,Chile,country,Frantz,yes,,
1,0:10:38,0:10:38,Petit Séminaire Collège Saint-Martial; Port-au-Prince; Haiti,very local,Frantz,,1948 - 1967,
1,0:12:54,0:12:54,Haiti,country,,,1969,
1,0:13:59,0:13:59,Centre d'etudes secondaires; Port-au-Prince; Haiti,very local,Frantz,,,
1,0:15:21,0:15:21,Haiti,country,Frantz,,1969,
1,0:16:20,0:16:20,Haiti,country,Frantz,yes,1960's,
1,0:16:33,0:16:33,Cuba,country,Cuban revolutionaries,,,during and after cuban rev
1,0:16:40,0:16:40,Haiti,country,Haitians,,,
1,0:18:41,0:18:41,Chile,country,Frantz,yes,1967,
1,0:18:43,0:18:43,France,country,Frantz,,1967,
1,0:18:48,0:18:48,Latin America,continent,Frantz; haitian refugees,,1967,
1,0:18:51,0:18:51,Argentina,country,Frantz,,1967,
1,0:18:52,0:18:52,Chile,country,Frantz,,1967,
1,0:18:53,0:18:53,Brazil,country,Frantz,,1967,
1,0:18:55,0:18:55,Brazil,country,Frantz,,1967,
1,0:18:57,0:18:57,Brazil,country,Frantz,,1967,
1,0:19:02,0:19:02,Argentina,country,Frantz,,1967,
1,0:19:04,0:19:04,Haiti,country,Frantz,,1967,
1,0:19:11,0:19:11,Chile,country,Frantz,,1967,
1,0:19:11,0:19:11,Chile,country,Frantz,,1967,
1,0:19:15,0:19:15,Chile,country,Frantz,,1967,
1,0:19:24,0:19:24,Chile,country,Frantz,,1967,
1,0:19:26,0:19:26,Chile,country,Frantz,,1967,
1,0:19:28,0:19:28,Chile,country,Frantz,,1967,
1,0:19:32,0:19:32,Chile,country,Frantz,,1967,
1,0:19:37,0:19:37,Santiago; Chile,city / area,Frantz,,1967,
1,0:19:55,0:19:55,Bolivia,country,Frantz,,1967,
1,0:20:06,0:20:06,Chile,country,Frantz,,1967,
1,0:20:14,0:20:14,Chile,country,Frantz,,1967 - 1973,
1,0:21:36,0:21:36,University of Santiago; Santiago; Chile,very local,Frantz,,1967 - 1973,location is unclear; old farm that could now be related to uni of santiago
1,0:22:05,0:22:05,Santiago; Chile,city / area,Frantz,yes,1967 - 1973,
1,0:22:07,0:22:07,Santiago; Chile,city / area,Frantz,,1967 - 1973,
1,0:22:50,0:22:50,Latin America,continent,Frantz,,1967 - 1973,
1,0:23:05,0:23:05,Chile,country,Frantz,,1967 - 1973,"""on partait dans le sud du Chile"""
1,0:24:04,0:24:04,Chiloé Island; Chile,city / area,Frantz; Chilean students,,1967 - 1973,
1,0:29:14,0:29:14,Peru,country,Frantz,,1973,
1,0:29:17,0:29:17,Peru,country,Frantz,,1973,
1,0:29:24,0:29:24,Peru,country,Frantz,,1973,
1,0:29:27,0:29:27,Canada,country,Frantz,,1973,
1,0:29:33,0:29:33,Europe,continent,Frantz,,1973,
1,0:29:35,0:29:35,Canada,country,Frantz,,1973,
1,0:29:38,0:29:38,Canada,country,Frantz,,1973,
1,0:29:40,0:29:40,France,country,Frantz,,1973,
1,0:29:42,0:29:42,France,country,Frantz,,1973,
1,0:29:43,0:29:43,France,country,Frantz,,1973,
1,0:29:47,0:29:47,France,country,Frantz,,1973,
1,0:29:49,0:29:49,Switzerland,country,Frantz,,1973,
1,0:29:58,0:29:58,Paris; France,city / area,Frantz,,1973,
1,0:29:58,0:29:58,Switzerland,country,Frantz,,1973,
1,0:29:59,0:29:59,Switzerland,country,Frantz,,1973,
1,0:30:04,0:30:04,Switzerland,country,Frantz,,1973,
1,0:30:05,0:30:05,Switzerland,country,Frantz,,1973,
1,0:30:10,0:30:10,Switzerland,country,Frantz,,1973,
1,0:30:15,0:30:15,Europe,continent,Frantz,yes,1973,
1,0:30:17,0:30:17,Europe,continent,Frantz,,1973,
1,0:30:18,0:30:18,Europe,continent,Frantz,,1973,
1,0:30:24,0:30:24,Canada,country,Frantz,,1973,
1,0:30:45,0:30:45,Canada,country,Frantz,,,
1,0:30:48,0:30:48,France,country,Frantz,,,
1,0:30:48,0:30:48,Switzerland,country,Frantz,,,
1,0:30:52,0:30:52,Switzerland,country,Frantz,,,
1,0:31:10,0:31:10,Canada,country,Frantz,,,
1,0:31:13,0:31:13,Canada,country,Frantz,,,
1,0:31:18,0:31:18,Europe,continent,Frantz,,,
1,0:31:24,0:31:24,Switzerland,country,Frantz,,,
1,0:31:30,0:31:30,Canada,country,Frantz,yes,,
1,0:31:36,0:31:36,Montreal; Canada,city / area,Frantz,,1973,
1,0:31:40,0:31:40,Montreal; Canada,city / area,Frantz,,1967,
1,0:31:44,0:31:44,Haiti,country,Frantz,,1967,
1,0:31:46,0:31:46,Montreal; Canada,city / area,Frantz,,1967,
1,0:32:19,0:32:19,Chile,country,Frantz,,1973,
1,0:32:35,0:32:35,Mexico,country,Frantz,,1975,
1,0:32:39,0:32:39,Chile,country,Frantz,,1975,
1,0:32:46,0:32:46,Canada,country,Frantz,,1975,
1,0:32:48,0:32:48,Mexico,country,Frantz,,1975,
1,0:32:50,0:32:50,Mexico,country,Frantz,,1975 - 1977,
1,0:33:00,0:33:00,Mexico,country,Frantz,,1975 - 1977,
1,0:33:05,0:33:05,Haiti,country,Frantz,,1975 - 1977,
1,0:33:14,0:33:14,Haiti,country,Frantz,,1977,
1,0:33:24,0:33:24,Haiti,country,Frantz,,1977,
1,0:34:18,0:34:18,Haiti,country,Political prisoners,,1977,
1,0:34:55,0:34:55,Haiti,country,Frantz,yes,1977,
1,0:35:08,0:35:08,Mexico,country,Frantz,,1977,
1,0:35:10,0:35:10,Haiti,country,Frantz,,1977 - 1979,
1,0:35:20,0:35:20,Haiti,country,Frantz,,1967,
1,0:36:26,0:36:26,Haiti,country,Frantz,,1986,
1,0:36:39,0:36:39,Canada,country,Frantz,,,
1,0:36:42,0:36:42,Canada,country,Frantz,,,
1,0:36:51,0:36:51,Montreal; Canada,city / area,Frantz,,,
1,0:37:50,0:37:50,Haiti,country,Frantz,,,
1,0:37:52,0:37:52,Haiti,country,Frantz,,,
1,0:38:14,0:38:14,Centre International De Documentation & D'Information Haitienne Caraïbéenne & Afrocanadienne; Montreal; Canada,very local,interviewer; Frantz,yes,,
1,0:38:57,0:38:57,Centre International De Documentation & D'Information Haitienne Caraïbéenne & Afrocanadienne; Montreal; Canada,very local,Frantz,yes,,
1,0:39:06,0:39:06,Haiti,country,Frantz,,,
1,0:39:24,0:39:24,Haiti,country,Frantz,,,
1,0:39:44,0:39:44,Haiti,country,Frantz,,,
1,0:41:10,0:41:10,Haiti,country,Frantz,,,
1,0:41:56,0:41:56,Montreal; Canada,city / area,Frantz,yes,,
1,0:41:58,0:41:58,Montreal; Canada,city / area,Frantz,,,
1,0:41:59,0:41:59,UQAM; Montreal; Canada,very local,Frantz,,,
1,0:42:02,0:42:02,Université de Montréal; Montreal; Canada,very local,Frantz,,,
1,0:42:05,0:42:05,Conseil des Arts de Montréal; Montreal; Canada,very local,Frantz,,,head offices on Sherbrooke East since 2009; location prior is unkown. Should be removed if not found. Was member for 8 years
1,0:42:16,0:42:16,Conseil interculturel de Montréal; Montreal; Canada,very local,Frantz,,1983 - 2008,
1,0:42:46,0:42:46,Haiti,country,Frantz,,,
1,0:42:47,0:42:47,Montreal; Canada,city / area,Frantz,,,
1,0:43:02,0:43:02,Haiti,country,Frantz,,,
1,0:43:37,0:43:37,Port-au-Prince; Haiti,city / area,Frantz,,,
1,0:43:39,0:43:39,Montreal; Canada,city / area,Frantz,,,
1,0:43:43,0:43:43,Port-au-Prince; Haiti,city / area,Frantz,,,
1,0:43:44,0:43:44,Chicoutimi; Canada,city / area,Frantz,,,
1,0:44:03,0:44:03,Port-au-Prince; Haiti,city / area,Frantz,,,
1,0:44:26,0:44:26,Haiti,country,Frantz,,,
1,0:44:36,0:44:36,Haiti,country,Frantz; Haitian audiences,,,
1,0:44:46,0:44:46,Quebec; Canada,country,Frantz; Quebec audiences,,,
1,0:44:56,0:44:56,Haiti,country,Frantz,yes,,
1,0:44:57,0:44:57,Haiti,country,Frantz,,,
1,0:45:17,0:45:17,Haiti,country,Frantz,yes,,
1,0:45:27,0:45:27,Haiti,country,Frantz,,,
1,0:45:48,0:45:48,Haiti,country,Frantz,,,
1,0:45:57,0:45:57,Haiti,country,Frantz,,,
1,0:46:05,0:46:05,Haiti,country,Frantz,,,
1,0:46:07,0:46:07,Haiti,country,Frantz,,,
1,0:46:15,0:46:15,Haiti,country,Frantz,,,
1,0:46:31,0:46:31,Haiti,country,Frantz,,,
1,0:47:42,0:47:42,Canada,country,Frantz,,,
1,0:47:51,0:47:51,Haiti,country,Frantz,,,
1,0:48:00,0:48:00,Haiti,country,Frantz,,,
1,0:48:07,0:48:07,Haiti,country,Frantz,,,
1,0:48:07,0:48:07,Canada,country,Frantz; Haitian middle class,,,
1,0:48:26,0:48:26,Haiti,country,Frantz; Haitian middle class,,,
1,0:48:36,0:48:36,Haiti,country,Frantz; young haitians,,,
1,0:48:37,0:48:37,Haiti,country,Frantz; young haitians,yes,,
1,0:49:23,0:49:23,Haiti,country,Frantz,,,
1,0:49:29,0:49:29,Haiti,country,Frantz,,,
1,0:50:14,0:50:14,Montreal; Canada,city / area,Frantz,yes,2008,
1,0:50:19,0:50:19,Montreal; Canada,city / area,Frantz,,,
1,0:50:25,0:50:25,Quebec; Canada,country,Frantz,,,
1,0:50:26,0:50:26,Montreal; Canada,city / area,Frantz,,,
1,0:50:29,0:50:29,Montreal; Canada,city / area,Frantz,,,
1,0:50:43,0:50:43,Montreal; Canada,city / area,Frantz,,,
1,0:50:48,0:50:48,New York City; USA,city / area,Frantz,,,
1,0:50:58,0:50:58,Port-au-Prince; Haiti,city / area,Frantz,,,0:52:25
1,0:51:01,0:51:01,Port-au-Prince; Haiti,city / area,Frantz,,,0:37:52
2,0:01:57,0:54:22,Chile,country,Frantz,yes,,1:30:17
2,0:02:09,0:54:34,Haiti,country,Frantz,,,
2,0:02:50,0:55:15,Haiti,country,Frantz,,,
2,0:02:57,0:55:22,Haiti,country,Frantz,,1977; 1979,
2,0:03:04,0:55:29,Haiti,country,Frantz,,,
2,0:03:05,0:55:30,Haiti,country,Frantz,,,
2,0:03:17,0:55:42,Haiti,country,Frantz,,,
2,0:04:10,0:56:35,Haiti,country,Frantz,,,
2,0:06:26,0:58:51,Haiti,country,Frantz,,,
2,0:07:52,1:00:17,Haiti,country,Frantz,,,
2,0:08:12,1:00:37,Haiti,country,Frantz,,1986,
2,0:09:26,1:01:51,New York City; USA,city / area,Frantz,,1977,
2,0:09:28,1:01:53,Miami; USA,city / area,Frantz,,1977,
2,0:09:33,1:01:58,Haiti,country,Frantz,,1977,
2,0:10:15,1:02:40,Petit-Goâve; Haiti,country,Frantz,,1977,
2,0:12:20,1:04:45,Quebec; Canada,country,Frantz,,1979,
2,0:12:28,1:04:53,Canada,country,Frantz,,1979,
2,0:13:36,1:06:01,Pénitentier National; Port-au-Prince; Haiti,very local,Frantz,,1979,
2,0:13:37,1:06:02,Casernes Dessalines; Port-au-Prince; Haiti,very local,Frantz,,1979,
2,0:15:25,1:07:50,Pierre Elliott Trudeau International Airport; Montreal; Canada,very local,Frantz,,1979,
2,0:15:26,1:07:51,Montreal; Canada,city / area,Frantz,,1979,
2,0:18:21,1:10:46,Montreal; Canada,city / area,Frantz,yes,1979,
2,0:18:23,1:10:48,Montreal; Canada,city / area,Frantz,,1979,
2,0:18:30,1:10:55,Bureau de la communauté haitienne de Montréal; Montreal; Canada,very local,Frantz,,1979,
2,0:19:05,1:11:30,UQAM; Montreal; Canada,very local,Frantz,,1979,
2,0:19:27,1:11:52,France,country,professor at UQAM,,1979,
2,0:21:24,1:13:49,Montreal; Canada,city / area,Frantz,,1979,
2,0:21:44,1:14:09,Montreal; Canada,city / area,Frantz,,1979,
2,0:22:55,1:15:20,Haiti,country,Frantz,yes,1979,
2,0:23:36,1:16:01,Montreal; Canada,country,Frantz,yes,1979,
2,0:23:39,1:16:04,Haiti,country,Frantz,yes,1979,
2,0:24:03,1:16:28,Montreal; Canada,country,Frantz,,1979,
2,0:24:33,1:16:58,Canada,country,Frantz,,1979,
2,0:26:48,1:19:13,Quebec; Canada,country,Frantz,yes,,
2,0:26:52,1:19:17,Quebec; Canada,country,Frantz,,,
2,0:26:53,1:19:18,Quebec; Canada,country,Frantz,,,
2,0:26:55,1:19:20,Haiti,country,Frantz,,,
2,0:27:04,1:19:29,Quebec; Canada,country,Frantz,,,
2,0:27:10,1:19:35,Quebec; Canada,country,Frantz,,,
2,0:27:11,1:19:36,Canada,country,Frantz,,,
2,0:29:24,1:21:49,Montreal; Canada,city / area,Frantz,,,
2,0:29:24,1:21:49,Montreal; Canada,city / area,Frantz,,,
2,0:29:27,1:21:52,Haiti,country,Frantz,,,
2,0:29:38,1:22:03,Montreal; Canada,city / area,Frantz,,,
2,0:29:57,1:22:22,Maison d'Haïti; Montreal; Canada,very local,Frantz,,,
2,0:29:57,1:22:22,Bureau de la communauté haitienne de Montréal; Montreal; Canada,very local,Frantz,,,
2,0:30:09,1:22:34,Maison d'Haïti; Montreal; Canada,very local,Frantz,,,
2,0:30:31,1:22:56,Montreal; Canada,city / area,Frantz,,,
2,0:31:03,1:23:28,Université de Montréal; Montreal; Canada,very local,Frantz,,,
2,0:31:36,1:24:01,Montreal; Canada,city / area,Frantz,,,
2,0:31:50,1:24:15,Quebec; Canada,country,Frantz,,,
2,0:31:53,1:24:18,Quebec; Canada,country,Frantz,,,
2,0:31:54,1:24:19,Quebec; Canada,country,Frantz,,,
2,0:32:21,1:24:46,Quebec; Canada,country,Frantz,,,
2,0:32:23,1:24:48,Montreal; Canada,city / area,Frantz,,,
2,0:32:34,1:24:59,Montreal; Canada,city / area,Frantz,,,
2,0:32:39,1:25:04,France,country,Frantz,,,
2,0:32:40,1:25:05,USA,country,Frantz,,,
2,0:32:41,1:25:06,New York City; USA,city / area,Frantz,yes,,
2,0:32:44,1:25:09,New York City; USA,city / area,Frantz,,,
2,0:32:53,1:25:18,Montreal; Canada,city / area,Frantz,,,
2,0:33:06,1:25:31,Montreal; Canada,city / area,Frantz,,,
2,0:33:09,1:25:34,North America,continent,Frantz,,,
2,0:33:29,1:25:54,New York City; USA,city / area,Frantz,,,
2,0:33:31,1:25:56,Montreal; Canada,city / area,Frantz,,,
2,0:33:31,1:25:56,New York City; USA,city / area,Frantz,,,
2,0:34:07,1:26:32,Centre International De Documentation & D'Information Haitienne Caraïbéenne & Afrocanadienne; Montreal; Canada,very local,Frantz,,,
2,0:35:46,1:28:11,Haiti,country,Frantz,yes,,
2,0:36:08,1:28:33,Centre International De Documentation & D'Information Haitienne Caraïbéenne & Afrocanadienne; Montreal; Canada,very local,Frantz,,,
2,0:36:36,1:29:01,Haiti,country,Frantz,,,
2,0:36:46,1:29:11,Quebec; Canada,country,Frantz,,,
2,0:37:01,1:29:26,Haiti,country,Frantz,,,
2,0:37:14,1:29:39,Haiti,country,Frantz,,,
2,0:37:26,1:29:51,Caribbean,continent,Frantz,,,
3,0:01:03,1:31:20,Haiti,country,Frantz,,1969,
3,0:03:28,1:33:45,Petit Séminaire Collège Saint-Martial; Port-au-Prince; Haiti,very local,Frantz,,1954 - 1964,
3,0:03:37,1:33:54,Switzerland,country,Teachers at Saint-Martial,,,
3,0:03:38,1:33:55,Canada,country,Teachers at Saint-Martial,,,
3,0:03:39,1:33:56,Haiti,country,Teachers at Saint-Martial,,,
3,0:03:53,1:34:10,Petit Séminaire Collège Saint-Martial; Port-au-Prince; Haiti,very local,Frantz,,1954 - 1964,speaks generally about st martial
3,0:04:18,1:34:35,Haiti,country,Frantz,,,
3,0:04:22,1:34:39,Haiti,country,Frantz,,,
3,0:05:02,1:35:19,Europe,continent,Teachers at Saint-Martial,,,
3,0:05:28,1:35:45,The Vatican,country,Frantz,,,
3,0:06:42,1:36:59,Province; Haiti,city / area,Frantz's mother,,<1948,location unclear; location of aquin within province difficult to determine
3,0:06:45,1:37:02,Aquin; Haiti,city / area,Frantz's mother,,<1948,
3,0:07:08,1:37:25,Province; Haiti,city / area,Frantz's mother's family,,<1948,recent Year cells are prior to 1948
3,0:07:33,1:37:50,Guadeloupe,country,Frantz's Father,,<1948,
3,0:07:33,1:37:50,Martinique,country,Frantz's Father,,<1948,
3,0:08:31,1:38:48,Aquin; Haiti,city / area,Frantz,yes,,
3,0:08:40,1:38:57,Province; Haiti,city / area,Frantz,,1948 - 1954,
3,0:09:43,1:40:00,Port-au-Prince; Haiti,city / area,Frantz,yes,,
3,0:09:45,1:40:02,Port-au-Prince; Haiti,city / area,Frantz,,,
3,0:09:50,1:40:07,Bas peu de choses; Port-au-Prince; Haiti,local,Frantz,,1948,this is a neighbourhood in PauP; searchable on OSM but not Gmaps
3,0:09:51,1:40:08,Bas peu de choses; Port-au-Prince; Haiti,local,Frantz,,1948,this is a neighbourhood in PauP; searchable on OSM but not Gmaps
3,0:09:54,1:40:11,Port-au-Prince; Haiti,city / area,Frantz,,,
3,0:09:56,1:40:13,Port-au-Prince; Haiti,city / area,Frantz,,,
3,0:10:14,1:40:31,Route des Dalles; Port-au-Prince; Haiti,very local,Frantz,,,
3,0:10:49,1:41:06,Côte Plage; Haiti,local,Frantz,,195?,
3,0:15:05,1:45:22,Haiti,country,haitians,yes,,
3,0:16:03,1:46:20,Montreal; Canada,city / area,Frantz; Montreal haitians,yes,,
3,0:18:36,1:48:53,Port-au-Prince; Haiti,city / area,Frantz,yes,,
3,0:19:47,1:50:04,Port-au-Prince; Haiti,city / area,Frantz,yes,1948 - 1969,
3,0:19:52,1:50:09,Port-au-Prince; Haiti,city / area,Frantz,,1948,
3,0:19:56,1:50:13,Haiti,country,Frantz,,1948,"""grande exposition universelle d'haiti"""
3,0:22:40,1:52:57,Haiti,country,Frantz,,1977,
3,0:22:50,1:53:07,France,country,Frantz,,1967,
3,0:22:54,1:53:11,France,country,Frantz,,1967,
3,0:22:55,1:53:12,Latin America,continent,Frantz,,1968,
3,0:22:57,1:53:14,Latin America,continent,Frantz,,1968,
3,0:23:04,1:53:21,Chile,country,Frantz,,1973,
3,0:26:12,1:56:29,UQAM; Montreal; Canada,very local,Frantz,,,
3,0:26:35,1:56:52,Port-au-Prince; Haiti,city / area,Frantz,yes,1948 - 1967,
3,0:26:36,1:56:53,Santiago; Chile,city / area,Frantz,yes,1967 - 1973,
3,0:26:38,1:56:55,Montreal; Canada,city / area,Frantz,yes,1973 - 2009,
3,0:26:58,1:57:15,Port-au-Prince; Haiti,city / area,Frantz,,1948 - 1969,
3,0:27:00,1:57:17,Bicentennaire; Port-au-Prince; Haiti,very local,Frantz; family,,1954 - 1964,
3,0:27:40,1:57:57,Port-au-Prince; Haiti,city / area,Frantz,,1954 - 1964,
3,0:27:48,1:58:05,Port-au-Prince; Haiti,city / area,Frantz,,1954 - 1964,
3,0:27:57,1:58:14,Bel Air; Port-au-Prince; Haiti,local,Frantz,,1954 - 1964,
3,0:27:59,1:58:16,Bel Air; Port-au-Prince; Haiti,local,Frantz,,1954 - 1964,
3,0:28:37,1:58:54,Bel Air; Port-au-Prince; Haiti,local,Frantz,,1954 - 1964,
3,0:29:26,1:59:43,Port-au-Prince; Haiti,city / area,Frantz,,,
3,0:30:58,2:01:15,Toronto; Canada,city / area,Frantz; Antoine Desroses,,2009,
3,0:31:37,2:01:54,Rue Marcelin; Port-au-Prince; Haiti,very local,Frantz; Aunt,,1954 - 1964,
3,0:32:16,2:02:33,Santiago; Chile,city / area,Frantz,,1967 - 1973,
3,0:32:19,2:02:36,Santiago; Chile,city / area,Frantz,,1967 - 1973,
3,0:32:22,2:02:39,Chile,country,Frantz,,1967 - 1973,
3,0:32:24,2:02:41,Chile,country,Frantz,,1967 - 1973,
3,0:32:27,2:02:44,Chile,country,Frantz,,1967 - 1973,
3,0:32:30,2:02:47,Pedro de Valdivia Norte; Santiago; Chile,local,Frantz,,1967 - 1973,
3,0:32:35,2:02:52,San Cristobal Hill; Santiago; Chile,local,Frantz,,1967 - 1973,lived in pedro de valdivia `behind` this mountain
3,0:32:37,2:02:54,San Cristobal Hill; Santiago; Chile,local,Frantz,,1967 - 1973,lived in pedro de valdivia `behind` this mountain
3,0:32:45,2:03:02,Catedral; Santiago; Chile,very local,Frantz,,1967 - 1973,
3,0:32:48,2:03:05,Santiago; Chile,city / area,Frantz,,1967 - 1973,"says ""vieux santiago"" but an ungeocodable place. Not a district. Can be interprated differently"
3,0:32:51,2:03:08,Vicuña Mackenna; Santiago; Chile,local,Frantz,,1967 - 1973,
3,0:32:57,2:03:14,Pedro de Valdivia Norte; Santiago; Chile,local,Frantz,,1967 - 1973,
3,0:33:04,2:03:21,Ñuñoa; Santiago; Chile,local,Frantz,,19?? - 1973,'lors de son arrestation''
3,0:33:23,2:03:40,Card Jose Maria Caro; Lo Espejo; Santiago; Chile,local,Frantz; friends,,1967 - 1973,
3,0:33:34,2:03:51,Card Jose Maria Caro; Lo Espejo; Santiago; Chile,local,Frantz; friends,,1967 - 1973,
3,0:33:48,2:04:05,Chile,country,Frantz,,,
3,0:34:03,2:04:20,Montreal; Canada,city / area,Frantz,,,
3,0:34:14,2:04:31,Montreal; Canada,city / area,Frantz,,,
3,0:34:21,2:04:38,Rue Isabella; Montreal; Canada,very local,Frantz,,1973 - 1975,
3,0:34:24,2:04:41,Rue St Denis; Montreal; Canada,very local,Frantz,,1973 - 1975,
3,0:34:25,2:04:42,Square Saint-Louis; Montreal; Canada,very local,Frantz,,1973 - 1975,'près du carré st louis''
3,0:34:30,2:04:47,Montreal; Canada,city / area,Frantz,,1973 - 1975,'je suis allé dans l'est de Montréal''
3,0:34:31,2:04:48,Rue Molson; Montreal; Canada,very local,Frantz,,1973 - 1975,
3,0:34:32,2:04:49,Parc Molson; Montreal; Canada,very local,Frantz,,1973 - 1975,
3,0:34:36,2:04:53,Rue Souart; Montreal; Canada,very local,Frantz,,1973 - 1975,
3,0:34:39,2:04:56,Montreal; Canada,city / area,Frantz,,1973 - 1975,
3,0:34:44,2:05:01,Westmount; Canada,local,Frantz,yes,1973 - 1975,
3,0:34:45,2:05:02,Rue Souart; Montreal; Canada,very local,Frantz,,1973 - 1975,
3,0:34:47,2:05:04,Avenue Decelles; Montreal; Canada,very local,Frantz,,1973 - 1975,'près de decelles''
3,0:34:49,2:05:06,Université de Montréal; Montreal; Canada,very local,Frantz,,1973 - 1975,'près de l'université de Montréal''
3,0:34:55,2:05:12,Montreal; Canada,city / area,Frantz,,1973 - 1975,
3,0:35:04,2:05:21,Montreal; Canada,city / area,Frantz,,1979,
3,0:35:08,2:05:25,Olympic Stadium; Montreal; Canada,very local,Frantz,,1979,près du stade olympique''
3,0:35:10,2:05:27,Rosemont; Montreal; Canada,local,Frantz,,1979,
3,0:35:12,2:05:29,Downtown; Montreal; Canada,local,Frantz,,,'J'ai vécu après au centre ville''
3,0:35:14,2:05:31,Rue Milton; Montreal; Canada,very local,Frantz,,,
3,0:35:15,2:05:32,Milton-Parc; Montreal; Canada,local,Frantz,,,<<dans le quartier McGill>>
3,0:35:19,2:05:36,Côte-des-Neiges; Montreal; Canada,local,Frantz,,,only geocodable as CDN-NDG
3,0:35:27,2:05:44,Station Vendôme; Montreal; Canada,very local,Frantz,,,'près de Vendôme''
3,0:35:30,2:05:47,Outremont; Montreal; Canada,local,Frantz,,,après; à Outremont''
3,0:35:34,2:05:51,Notre-Dame-de Grâce; Montreal; Canada,local,Frantz,,1992 - 2009,only geocodable as CDN-NDG. ''à notre-dame-de-grâce depuis quand même 17 ans''
3,0:35:41,2:05:58,Laval; Canada,city / area,Frantz,,1979 - 1992,
3,0:35:44,2:06:01,Laval; Canada,city / area,Frantz,,1979 - 1992,
3,0:35:48,2:06:05,South Shore Canal; St-Lambert; Canada,very local,Frantz,,1979 - 1992,'et quelques mois sur la rive sud'' . The best gmapable estimation of this area is south shore canal
3,0:35:55,2:06:12,Montreal; Canada,city / area,Frantz,,,
3,0:36:14,2:06:31,Montreal; Canada,city / area,Frantz,,,
3,0:36:27,2:06:44,UQAM; Montreal; Canada,very local,Frantz,,1973 - 2009,one of his places of employment
3,0:36:32,2:06:49,Vieux-Montréal; Montreal; Canada,local,Frantz,,1983 - 2009,'quand on a créé ce centre dans le vieux Montréal''. one of his places of employment. Date range based on the date of founding of CIDIHCA
3,0:36:34,2:06:51,Vieux-Montréal; Montreal; Canada,local,Frantz,,1983 - 2009,
3,0:37:09,2:07:26,Rue St Denis; Montreal; Canada,very local,Frantz,,1973 -  2009,
3,0:37:10,2:07:27,Latin Quarter; Montreal; Canada,local,Frantz,,,
3,0:37:15,2:07:32,Rue Sainte-Catherine; Montreal; Canada,very local,Frantz,,,
3,0:37:18,2:07:35,Chemin de la Côte-des-Neiges; Montreal; Canada,very local,Frantz,,,'portion de rue entre jean-brillant et queen mary''
3,0:37:20,2:07:37,Chemin de la Côte-des-Neiges; Montreal; Canada,very local,Frantz,,,'portion de rue entre jean-brillant et queen mary''
3,0:37:24,2:07:41,Université de Montréal; Montreal; Canada,very local,Frantz,,,
3,0:37:31,2:07:48,Chemin Queen Mary; Montreal; Canada,very local,Frantz,,,
3,0:37:32,2:07:49,Rue Jean-Brillant; Montreal; Canada,very local,Frantz,,,
3,0:37:40,2:07:57,Brûlerie St-Denis; Côte-des-Neiges; Montreal; Canada,very local,Frantz,,,'à la brûlerie…''
3,0:37:41,2:07:58,Renaud Bray; Côte-des-Neiges; Montreal; Canada,very local,Frantz,,,'...près du renaud-bray''
3,0:37:44,2:08:01,Librairie Olivieri; Montreal; Canada,very local,Frantz,,,
3,0:37:58,2:08:15,Brûlerie St-Denis; Côte-des-Neiges; Montreal; Canada,very local,Frantz; Emil Ollivier,,,
3,0:38:18,2:08:35,Chemin de la Côte-des-Neiges; Montreal; Canada,very local,Frantz,,,
3,0:38:32,2:08:49,Librairie Olivieri; Montreal; Canada,very local,Frantz,,,
3,0:39:43,2:10:00,Latin America,continent,Frantz,,1968 - 1973,"chrono based on ""entre 20 et 25 ans"""
3,0:40:27,2:10:44,University of Chile; Santiago; Chile,very local,Frantz,,1968,
3,0:41:02,2:11:19,Marocco,country,"Great writer; ""Carpentier"" (?)",,,
3,0:41:36,2:11:53,Quebec; Canada,region,Frantz,,,
3,0:41:59,2:12:16,Chile,country,Frantz,,,
3,0:43:13,2:13:30,Chile,country,Frantz,,,
3,0:43:22,2:13:39,Sorbonne; Paris; France,very local,French Historians,yes,,
3,0:43:24,2:13:41,France,country,French Historians,,,
3,0:43:59,2:14:16,Caribbean,continent,Frantz,,,
3,0:45:23,2:15:40,Quebec; Canada,region,Frantz; Emil Ollivier,,,
3,0:47:34,2:17:51,Latin America,continent,Frantz,,1967 - 1973,
3,0:47:56,2:18:13,Argentina,country,A book,,,
3,0:48:41,2:18:58,Montreal; Canada,city / area,Frantz,,1979,
3,0:48:47,2:19:04,Arts Council; Montreal; Canada,very local,Frantz,,1979 - 2009,"""j'étais membre du conseil des arts de mOntréal`' for 8 years"
3,0:48:52,2:19:09,Vues D'Afrique; Montreal; Canada,very local,Frantz,,1979 - 2009,
3,0:49:02,2:19:19,Haiti,country,Frantz,,1979 - 2009,
3,0:49:11,2:19:28,Montreal; Canada,city / area,Frantz,,,
3,0:49:29,2:19:46,Montreal; Canada,city / area,Frantz,,,
3,0:49:50,2:20:07,Conseil Interculturel de Montréal; Montreal; Canada,very local,Frantz,,1979 - 2009,
3,0:49:52,2:20:09,Office de consultation publique de Montréal; Montreal; Canada,very local,Frantz,,1979 - 2009,
3,0:50:00,2:20:17,Toronto; Canada,city / area,Frantz,,1979 - 2009,
3,0:50:02,2:20:19,Vancouver; Canada,city / area,Frantz,,1979 - 2009,
3,0:50:03,2:20:20,Winnipeg; Canada,city / area,Frantz,,1979 - 2009,
3,0:50:10,2:20:27,Canada,country,Frantz,,,
3,0:50:32,2:20:49,Haiti,country,Frantz,,1993 - 1994,
3,0:51:22,2:21:39,Haiti,country,Frantz,,1994 - 2009,after 1994
3,0:51:26,2:21:43,Haiti,country,Frantz,,1994 - 2009,
3,0:51:37,2:21:54,Montreal; Canada,city / area,Frantz,,1994 - 2009,
3,0:51:39,2:21:56,Havana; Cuba,city / area,Frantz's exhibition,,1994 - 2009,I cannot say wether he toured with this exhibition or not
3,0:51:41,2:21:58,Barcelona; Spain,city / area,Frantz's exhibition,,1994 - 2009,
3,0:51:43,2:22:00,Paris; France,city / area,Frantz's exhibition,,1994 - 2009,
3,0:51:45,2:22:02,Espace Marcel Carne; Paris; France,very local,Frantz's exhibition,,1994 - 2009,
3,0:51:46,2:22:03,Musée d'Ethnographie de Genève; Geneva; Switzerland,very local,Frantz's exhibition,,1994 - 2009,
3,0:52:04,2:22:21,Haiti,country,Blacksmiths,,,after WW2
3,0:52:06,2:22:23,Croix-des-Bouquets; Haiti,city / area,Blacksmiths,,,after WW2
3,0:52:07,2:22:24,Port-au-Prince; Haiti,city / area,Blacksmiths,,,after WW2
3,0:52:17,2:22:34,Concordia University; Montreal; Canada,very local,none,,2008,
3,0:52:19,2:22:36,Haiti,country,none,,2008,
3,0:52:22,2:22:39,Bibliothèque et archives nationales du Québec; Montreal; Canada,very local,Frantz,,2008,He was probably there
3,0:54:35,2:24:52,Venezuela,country,collaborators,,1983 - 2009,
3,0:54:38,2:24:55,Puerto Rico,country,collaborators,,1983 - 2009,
3,0:54:39,2:24:56,Cuba,country,collaborators,,1983 - 2009,
3,0:54:40,2:24:57,Dominican Republic,country,collaborators,,1983 - 2009,
3,0:54:41,2:24:58,Haiti,country,collaborators,,1983 - 2009,
3,0:54:42,2:24:59,France,country,collaborators,,1983 - 2009,
3,0:54:43,2:25:00,Toronto; Canada,city / area,collaborators,,1983 - 2009,
3,0:54:47,2:25:04,Toronto; Canada,city / area,collaborators,,1983 - 2009,"""un hopital de toronto"""
3,0:55:18,2:25:35,Canada,country,black writers,,,
3,0:55:25,2:25:42,Canada,country,collaborators,,,
3,0:56:11,2:26:28,Saint-Hubert; Canada,city / area,first daughter,,2009,
3,0:56:15,2:26:32,McGill; Montreal; Canada,very local,first daughter,,,daughter studied at mcgill
3,0:56:22,2:26:39,Bas-Saint-Laurent; Canada,region,son in law,,,
3,0:56:24,2:26:41,Saint-Mathieu-de-Rioux; Canada,city / area,son in law,,,
3,0:56:25,2:26:42,Rimouski; Canada,city / area,none,,,spatial reference
3,0:56:48,2:27:05,New York City; USA,city / area,second wife,,,
3,0:56:49,2:27:06,Baruch college; 55 Lexington Ave; New York City; USA,very local,second wife,,,she teaches here
3,0:56:51,2:27:08,New York City; USA,city / area,second wife,,,
3,0:56:54,2:27:11,USA,country,second wife,,,
3,0:57:01,2:27:18,Temple University; Philadelphia; USA,very local,second daughter,,2009,not sure if he's talking about his ex-wife or the daughter he had with that ex-wife at this point
3,0:57:02,2:27:19,Philadelphia; USA,city / area,second daughter,,2009,
3,0:57:23,2:27:40,Haiti,country,second daughter,,1986 - 2009,
3,0:57:27,2:27:44,Haiti,country,second daughter,,1986 - 2009,
3,0:57:30,2:27:47,Haiti,country,second daughter,,1986 - 2009,
3,0:57:32,2:27:49,Haiti,country,second daughter,,1986 - 2009,
3,0:57:34,2:27:51,Haiti,country,second daughter,,1986 - 2009,
3,0:57:48,2:28:05,USA,country,second daughter,,1986 - 2009,
3,0:57:51,2:28:08,Quebec; Canada,region,second daughter,,1986 - 2009,
3,0:57:57,2:28:14,Quebec; Canada,region,second daughter,,1986 - 2009,
3,0:58:00,2:28:17,Montreal; Canada,city / area,second daughter,,1986 - 2009,
3,0:58:33,2:28:50,Longueuil; Canada,city / area,first wife,,2009,
3,0:58:36,2:28:53,New York City; USA,city / area,second wife,,2009,
3,0:58:56,2:29:13,Haiti,country,daughters,,,cannot say when first daughter was born so cannot estimate timeframe of life with his daughters
3,0:59:28,2:29:45,Montreal; Canada,city / area,daughters,,,
3,0:59:38,2:29:55,Port-au-Prince; Haiti,city / area,daughters,,,
3,1:00:00,2:30:17,Rimouski; Canada,city / area,son-in-law,,,
3,1:00:04,2:30:21,New York City; USA,city / area,second daughter,,1986 - 2009,
3,1:00:08,2:30:25,Montreal; Canada,city / area,second daughter,,1986 - 2009,summertime
3,1:00:12,2:30:29,Montreal; Canada,city / area,second daughter,,1986 - 2009,christmas time
3,1:00:14,2:30:31,Haiti,country,Frantz; second daughter,,1986 - 2009,
3,1:00:16,2:30:33,France,country,Frantz; second daughter,,1986 - 2009,
3,1:02:18,2:32:35,Haiti,country,Montreal haitian community,,1989,
3,1:02:21,2:32:38,Haiti,country,Montreal haitian community,,1989,
3,1:02:50,2:33:07,Côte-des-Neiges; Montreal; Canada,local,grandmother,,,
3,1:02:52,2:33:09,Côte-des-Neiges; Montreal; Canada,local,grandmother,,,
3,1:02:53,2:33:10,Côte-des-Neiges; Montreal; Canada,local,grandmother,,,
3,1:02:56,2:33:13,Notre-Dame-des-Neiges Cemetery; Montreal; Canada,very local,Frantz; grandmother,,2009,
3,1:03:24,2:33:41,Haiti,country,haitian cadavres,,1989,
3,1:03:45,2:34:02,Côte-des-Neiges; Montreal; Canada,local,Montreal haitian community,,1989 - 2009,
3,1:03:47,2:34:04,Brossard; Canada,city / area,Montreal haitian community,,1989 - 2009,
3,1:03:49,2:34:06,Longueuil; Canada,city / area,Montreal haitian community,,1989 - 2009,
3,1:03:50,2:34:07,Laval; Canada,city / area,Montreal haitian community,,1989 - 2009,
3,1:04:11,2:34:28,Longueuil; Canada,city / area,Montreal haitian community,,1989 - 2009,
3,1:04:12,2:34:29,Laval; Canada,city / area,Montreal haitian community,,1989 - 2009,
3,1:04:26,2:34:43,New York City; USA,city / area,second daughter,,1986 - 2009,
3,1:04:27,2:34:44,New York City; USA,city / area,Frantz,,1986 - 2009,
3,1:04:36,2:34:53,Champlain Bridge; Canada,very local,Frantz,,1986 - 2009,second time he's mentioned the champlain bridge and the emotion that comes over him upon seeing the mtl cityscape
3,1:04:39,2:34:56,Montreal; Canada,city / area,Frantz,,1986 - 2009,
3,1:05:25,2:35:42,Haiti,country,haitians,yes,2009,
3,1:05:32,2:35:49,Caribbean,continent,haitians,yes,2009,
3,1:05:33,2:35:50,Haiti,country,haitians,,2009,talking about haiti today
3,1:05:38,2:35:55,Haiti,country,haitians,,2009,
3,1:06:15,2:36:32,Cuba,country,haitian diaspora,,2009,
3,1:06:16,2:36:33,Oriente; Cuba,city / area,haitian diaspora,,2009,
3,1:06:24,2:36:41,Dominican Republic,country,haitian diaspora,,2009,
3,1:06:32,2:36:49,Guadeloupe,country,haitian diaspora,,2009,
3,1:06:36,2:36:53,Dominica,country,haitian diaspora,,2009,
3,1:06:39,2:36:56,Bahamas,country,haitian diaspora,,2009,
3,1:06:41,2:36:58,Turks and Caicos,country,haitian diaspora,,2009,
3,1:06:45,2:37:02,French Guinea,country,haitian diaspora,,2009,
3,1:06:51,2:37:08,Île-de-France; France,city / area,haitian diaspora,,2009,
3,1:06:54,2:37:11,Belgium,country,haitian diaspora,,2009,
3,1:06:55,2:37:12,Luxembourg,country,haitian diaspora,,2009,
3,1:06:56,2:37:13,Switzerland,country,haitian diaspora,,2009,
3,1:06:59,2:37:16,Miami; USA,city / area,haitian diaspora,yes,2009,
3,1:07:04,2:37:21,Miami; USA,city / area,haitian diaspora, ,2009,
3,1:07:04,2:37:21,Toronto; Canada,city / area,haitian diaspora,,2009,
3,1:07:11,2:37:28,Haiti,country,haitians,,2009,
3,1:07:15,2:37:32,Haiti,country,haitians,,2009,
3,1:07:17,2:37:34,Haiti,country,haitians,,2009,
3,1:07:19,2:37:36,Haiti,country,haitians,,2009,
3,1:07:20,2:37:37,Haiti,country,haitians,,2009,
3,1:07:33,2:37:50,Haiti,country,haitians,,2009,
3,1:08:03,2:38:20,England,country,none,,1688,
3,1:08:07,2:38:24,USA,country,none,,1776,
3,1:08:50,2:39:07, Savannah; USA,city / area,haitians,,1776,
3,1:09:20,2:39:37,France,country,none,,2009,
3,1:09:20,2:39:37,Versailles; France,city / area,haitians,,1794,
3,1:09:54,2:40:11,Haiti,country,haitians,,2009,
3,1:10:20,2:40:37,Haiti,country,haitians,yes,2009,
3,1:10:22,2:40:39,Montreal; Canada,city / area,haitians,yes,2009,
3,1:10:28,2:40:45,Haiti,country,haitians,,2009,
3,1:10:29,2:40:46,Haiti,country,haitians,,2009,
3,1:10:32,2:40:49,Haiti,country,haitians,,2009,
3,1:10:35,2:40:52,Haiti,country,haitians,,2009,
3,1:10:37,2:40:54,Haiti,country,haitians,,2009,
3,1:10:43,2:41:00,Haiti,country,haitians,,2009,
3,1:10:52,2:41:09,Democratic Republic of the Congo,country,Belgian colonists,,1965,date unsure
3,1:11:00,2:41:17,Democratic Republic of the Congo,country,haitians; congolese people,,1965,
3,1:11:12,2:41:29,Democratic Republic of the Congo,country,Belgian colonists,,1965,
3,1:11:20,2:41:37,Quebec; Canada,region,haitians,,1960 - 2009,some of these historic date estimations may be irrelevant
3,1:11:28,2:41:45,Quebec; Canada,region,haitians,,1960 - 2009,
3,1:11:42,2:41:59,Quebec; Canada,region,haitians,,1960 - 2009,
3,1:11:50,2:42:07,Haiti,country,haitians,,,
